,Institution,lat,lng
0,Aalto University,60.1866693,24.827682
1,Academy  of  Armored  Force  Engineering,39.9683703,116.2334133
2,Adelphi University,40.7198865,-73.6522537
3,Affiliated High School of South China Normal University,23.13701,113.344724
4,Agnes Scott College,33.7685056,-84.29453460000000
5,Agricultural University Of Shenyang,41.821328,123.57225
6,Agricultural University of Hebei,38.850606,115.483441
7,Air Force Engineer University,34.2738644,109.0340282
8,Ajou University,37.2833633,127.0465105
9,Albion College,42.2440064,-84.7451775
10,All Saints Episcopal School,32.7316596,-97.49140200000000
11,Altoona Area High School,40.5099536,-78.3978813
12,American Heritage School Plantation,26.1208796,-80.31111470000000
13,American University in Dubai,25.091209,55.1560728
14,Amherst College,42.3709104,-72.5170028
15,Angelo State University,31.4382686,-100.4602762
16,Anhui Agricultural University,31.860048,117.257372
17,Anhui Institute of Information Technology,31.136821,118.635968
18,Anhui Jianzhu University,31.813944,117.253235
19,Anhui Normal University,31.284916,118.380545
20,Anhui Polytechnic University,31.3387999,118.4116094
21,Anhui Science and Technology University,32.633459,117.012485
22,Anhui University,31.8417721,117.2543562
23,Anhui University of Architecture,31.813944,117.253235
24,Anhui University of Finance and Economics,32.924116,117.395903
25,Anhui University of Science and Technology,32.633459,117.012485
26,Anhui University of Technology,31.692956,118.510711
27,Anhui Xinhua University,31.8316311,117.184975
28,Ankang University,32.685316,109.033468
29,Ann Arbor Huron High School,42.2808396,-83.7030865
30,Anqing Normal University,30.514224,117.048042
31,Anshan Normal University,41.079017,122.995782
32,Anyang Normal University,36.058736,114.370738
33,Appalachian State University,36.2135255,-81.6839919
34,Arab American University,32.40619,35.342621
35,Arizona State University,33.4242399,-111.9280527
36,Arizona Western College,32.6886907,-114.4950487
37,Army Medical University,29.535509,106.448107
38,Army Officer Academy,37.7439384,-92.1282165
39,Asbury College,37.8631989,-84.6618348
40,Asbury University,37.8631989,-84.6618348
41,Ashikaga Institute of Technology,36.3519192,139.3972402
42,Assure International Education School,36.0678659,-94.17203480000000
43,Augusta University,33.4755276,-82.02332830000000
44,Augustana College,41.5032718,-90.551492
45,Austin Peay State University,36.53498,-87.3548855
46,Australian National University,-35.2776999,149.118527
47,Bandung Institute of Technology,-6.89148,107.6106591
48,Baoji University of Arts and Sciences,34.348444,107.160648
49,Bard College,42.0203897,-73.91005440000000
50,Bard College at Simon's Rock,42.207976,-73.378238
51,Baruch College,40.7403959,-73.98322520000000
52,Baylor University,31.5469132,-97.1210998
53,Beibu Gulf University,21.965979,108.592092
54,Beifang University of Nationalities,38.496481,106.113116
55,Beihang University,,
56,Beihua University,43.808842,126.56335
57,"Beijing  Institute of   Technology,  Zhuhai",22.3665667,113.5469796
58,Beijing  Jiaotong  University,39.952371,116.347005
59,Beijing  University of Technology,39.871611,116.479529
60,Beijing City International School,39.898539,116.4743445
61,Beijing Dublin Internation College,53.3306157,-6.2799516
62,Beijing Electronic Science and Technology,39.836859,116.280428
63,Beijing Foreign Studies University,39.955652,116.304948
64,Beijing Forestry University,40.00448800000000,116.3499723
65,Beijing Information Science & Technology University,40.0433204,116.3418109
66,Beijing Institute of Graphic Communication,39.743883,116.330134
67,Beijing Institute of Petrochemical Technology,39.746806,116.325984
68,Beijing Institute of Technology,39.974575,116.430616
69,Beijing International Studies University,39.909814,116.562747
70,Beijing Jiaotong University,39.952371,116.347005
71,Beijing Language and Culture University,39.9957056,116.3454224
72,Beijing National Day School,39.902615,116.255987
73,Beijing No. 4 High School,39.9312202,116.3780703
74,Beijing No.80  School,39.936245,116.532295
75,Beijing Normal  University,39.9619537,116.3662615
76,Beijing Normal University,39.9619537,116.3662615
77,Beijing Polytechnic College,39.958903,116.122505
78,Beijing Technology And Business University,39.720361,116.170043
79,Beijing Technology and Business University,39.720361,116.170043
80,Beijing Union University,39.918709,116.372004
81,Beijing University of Agriculture,40.092594,116.30938
82,Beijing University of Chemical Technology,39.970954,116.421053
83,Beijing University of Civil Engineering and Architecture,39.93532100000000,116.342721
84,Beijing University of Posts and Telecommunications,39.961948,116.357472
85,Beijing University of Technology,39.871611,116.479529
86,Beijing Vocational College of Electronic Science,39.926472,116.479472
87,Beijing Wuzi University,39.929052,116.638826
88,Beijing Zhonguancun High School,39.971916,116.321246
89,Beijing-Dublin International College,53.3306157,-6.2799516
90,Beilun High Shool,29.88406510000000,121.8377026
91,Belhaven University,32.320011,-90.1690869
92,Belmont University,36.1329081,-86.7941702
93,Beloit College,42.5030333,-89.0309048
94,Bemidji State University,47.48636580000000,-94.8757892
95,Benedict College,34.012867,-81.020461
96,Benedictine College,39.5731522,-95.1113744
97,Bennington College,42.9203078,-73.2359361
98,Berkshire Community College,42.4595163,-73.3154583
99,Berlin School of Economics and Law,52.4854412,13.3378513
100,Berry College,34.290361,-85.189199
101,Bethel University,45.058055,-93.16084510000000
102,Bethune-Cookman University,29.2110122,-81.03157400000000
103,Bilkent University,39.8746147,32.7475962
104,Binghamton University,42.0894288,-75.9694885
105,Binzhou University,37.386329,117.987411
106,Bloomsburg University,41.0081119,-76.4472749
107,Bohai University,41.086564,121.118854
108,Boston University,42.3504997,-71.1053991
109,Bowling Green State University,41.3797788,-83.6300826
110,Bradley University,40.6977743,-89.6153484
111,Brandon University,49.845352,-99.962159
112,Brigham Young University,40.2518435,-111.6493156
113,Brown University,41.8267718,-71.4025482
114,Bryn Athyn College,40.1348002,-75.0601628
115,Bryn Mawr College,40.0278802,-75.3144595
116,Bucknell University,40.9547722,-76.88507590000000
117,Business College of Beijing Union University,39.918709,116.372004
118,Business College of Shanxi University,37.743427,112.667022
119,COLLEGE OF WILLIAM AND MARY,37.2726983,-76.71366190000000
120,CUP's Karamay Campus,40.219336,116.247391
121,CUPL,,
122,Cal Poly,35.3050053,-120.6624942
123,Cal-Poly Pomona,34.0588862,-117.8193781
124,California Institute of Technology,34.1376576,-118.125269
125,California Lutheran University,34.2248993,-118.878853
126,California Polytechnic State University,35.3050053,-120.6624942
127,California State University Fullerton,33.8829226,-117.8869261
128,California State University Long Beach,33.7838235,-118.1140904
129,California State University Monterey Bay,36.6516548,-121.7977985
130,California State University at Monterey Bay,36.6516548,-121.7977985
131,"California State University, Chico",39.7287566,-121.8476287
132,"California State University, Northridge",34.2410366,-118.5276745
133,Californina State Polytechnic University Pomona,34.0588862,-117.8193781
134,Cambridge University,52.2042666,0.1149085
135,Capital Medical University,39.865177,116.352916
136,Capital Normal University,39.937742,116.307999
137,Capital University of Economics and Business,39.841171,116.316447
138,Cardiff University,51.48662710000000,-3.1788641
139,Carleton University,45.3875812,-75.69602020000000
140,Carnegie Mellon University,40.44287510000000,-79.94309230000000
141,Carroll College,46.60073690000000,-112.0386887
142,Case Western Reserve University,41.5043413,-81.6083838
143,Catawba College,35.691394,-80.4825793
144,Centenary College of Louisiana,32.4847432,-93.73215560000000
145,Central China Normal University,30.523242,114.356857
146,Central Michigan University,43.5819086,-84.7756364
147,Central South University,28.16437,112.93251
148,Central University for Nationalities,39.950878,116.320185
149,Central University of Finance and Economics,40.169887,116.283102
150,Central Washington University,47.0073154,-120.5362805
151,Chang'an University,34.231185,108.956646
152,Changchun Architecture and Civil Engineering College,43.6916147,125.5170438
153,Changchun Normal University,43.882279,125.357467
154,Changchun University,43.834677,125.303135
155,Changchun University of Finance and Economics,43.816638,125.442365
156,Changchun University of Science and Technology,43.834677,125.303135
157,Changjun High School,28.8576146,115.7263844
158,Changsha University,28.21299,112.916326
159,Changsha University of Science and Technology,28.21299,112.916326
160,Changzhou University,31.684237,119.955141
161,Chaohu University,31.649472,117.930437
162,Charlotte Country Day School,35.1469068,-80.80306950000000
163,Chengdu Medical College,30.749373,104.113839
164,Chengdu Neusoft University,30.890957,103.59604
165,Chengdu No.7 High school,30.558201,104.043622
166,Chengdu Polytechnic,30.477889,103.885433
167,Chengdu University,30.649512,104.188179
168,Chengdu University of Information Technology,,
169,Chengdu University of Technology,30.665725,104.136869
170,Chengyang Exprimental Middle School,,
171,Chengyang No.1 High School of Qingdao,36.276607,120.400574
172,Cheshire Academy,41.4992155,-72.89985660000000
173,China Agricultural University,40.004202,116.352988
174,China Air Force Logistics College,34.2738644,109.0340282
175,China Foreign Affairs University,39.926576,116.345574
176,China Institute of Finance and Banking,40.0318452,116.2692378
177,China Institute of Industrial Relations,39.9297671,116.3165594
178,China Jiliang University,30.318764,120.363977
179,China Medical University,24.1560757,120.6803671
180,China Northwest University,34.14552,108.875136
181,China Pharmaceutical University,32.072145,118.77875
182,China Three Gorges University,30.72048200000000,111.318127
183,China University of Geosciences (Wuhan),30.5160618,114.4024568
184,"China University of Geosciences,Beijing",39.9915781,116.3479263
185,China University of Mining and Technology,39.996742,116.349608
186,China University of Petroleum,37.4623077,118.5005322
187,China University of Petroleum-Beijing,40.219336,116.247391
188,China University of Political Science and Law,39.965789,116.351772
189,China Welfare Institute,31.216248,121.441265
190,China West Normal University,30.820143,106.06886
191,China Women's University,39.994305,116.435499
192,China Youth University of Political Studies,39.950088,116.307678
193,Chinese Academy of Sciences,37.80600040000000,-122.2696909
194,Chinese People's Police University,40.127948,116.278102
195,"Chinese University of Hong Kong, Shenzhen",22.687845,114.209931
196,Chongqing Jiaotong University,29.490209,106.571373
197,Chongqing Normal University,29.612289,106.30632
198,Chongqing Technology and Business University,29.529766,106.569271
199,Chongqing Three Gorges University,30.796176,108.384147
200,Chongqing University,29.56488,106.468097
201,Chongqing University of Arts and Science,29.344514,105.942651
202,Chongqing University of Education,29.5125556,106.5767036
203,Chongqing University of Posts and Telecommunications,29.535171,106.605308
204,Chongqing University of Science and Technology,29.56488,106.468097
205,Chongqing University of Technology,29.4580277,106.528992
206,Chongqing medical university,29.535475,106.504511
207,Christopher Newport University,37.0627072,-76.49283490000000
208,Chung Yuan Christian University,24.957537,121.2410215
209,Chuxiong Normal University,25.0209719,101.5561316
210,City University of Hong Kong,22.3366793,114.1724234
211,Civil Aviation University of China,39.1118774,117.3497451
212,Clarion University,41.2089367,-79.37856310000000
213,Clarkson University,44.6636819,-74.9977112
214,Clarkstown High School South,41.1032583,-73.9801834
215,Clemson University,34.6738437,-82.8368654
216,Coastal Carolina University,33.7965964,-79.01336120000000
217,Coe College,41.98844090000000,-91.65897970000000
218,Coker College,34.3765882,-80.0704915
219,Colby College,44.5638691,-69.6626362
220,Colgate University,42.822465,-75.541671
221,College of Charleston,32.7835791,-79.93708390000000
222,College of Idaho,43.6536737,-116.6767711
223,"College of Information & Business, Zhongyuan",,
224,College of William and Mary,37.2726983,-76.71366190000000
225,College of Wooster,40.8114268,-81.9372838
226,College of the Holy Cross,42.2392391,-71.8079608
227,Colorado College,38.847962,-104.8257346
228,Colorado School of Mines,39.7510475,-105.2225708
229,Colorado State University,40.573436,-105.0865473
230,Columbia University,40.8075355,-73.9625727
231,Communication University of China,39.912793,116.556581
232,Concordia College,46.8628042,-96.7700579
233,Concordia Middle School,39.567,-97.66577540000000
234,Connecticut College,41.3786923,-72.1046019
235,Cornell University,42.4534492,-76.4735027
236,Coventry University,52.4071747,-1.5037461
237,Cumberland County College,39.4411378,-75.05616740000000
238,Cupertino High School,37.3194288,-122.009123
239,Da Qing Normal University,46.64134260000000,124.8640957
240,Dalhousie University,44.63658120000000,-63.59165550000000
241,Dalian  Nationalities  University,39.04219400000000,121.7750014
242,Dalian Fisheries University,38.870041,121.534141
243,Dalian Institute of Science and Technology,,
244,Dalian Jiaotong University,38.912708,121.5711415
245,Dalian Maritime University,38.870041,121.534141
246,Dalian Medical University,38.807693,121.31464
247,Dalian Minzu University,39.04219400000000,121.7750014
248,Dalian Nationalities University,39.04219400000000,121.7750014
249,Dalian Naval Academy,38.8796578,121.6645309
250,Dalian Neusoft University of Information,38.889698,121.53504
251,Dalian Ocean University,38.868263,121.534699
252,Dalian Polytechnic University,38.97119200000000,121.527925
253,Dalian University,39.10041,121.821932
254,Dalian University of Technology,38.880381,121.529021
255,Dalton State College,34.7756843,-85.0027613
256,Daqing Normal University,46.64134260000000,124.8640957
257,Daqing Petroleum Institute,46.585797,125.1453381
258,Davidson College,35.5008018,-80.8446725
259,De Anza Community College,37.3187855,-122.0449698
260,Delaware State University,39.1861372,-75.5422735
261,Denison University,40.0734008,-82.52290480000000
262,Dezhou University,37.469682,116.33141
263,Dickinson State University,46.8825484,-102.8003959
264,Digital Media,36.135571,-95.98663620000000
265,Dixie State University,37.1032141,-113.5652489
266,Dominican College,41.0471959,-73.9505947
267,Dongbei University of Finance and Economics,38.876672,121.549827
268,Dongguan University of Technology,22.903788,113.875042
269,Donghua University,31.203459,121.414574
270,Drexel Univeristy,39.9566127,-75.18994410000000
271,Drury University,37.2199202,-93.2859409
272,Duke Kunshan University,31.415978,120.9014167
273,Duke University,36.0014258,-78.9382286
274,Duquesne University,40.4367924,-79.9892318
275,Durham University,54.7649859,-1.5782029
276,Earlham College,39.823941,-84.913241
277,East China Institute of Technology,28.719554,115.826433
278,East China Jiaotong University,,
279,East China Normal University,31.227667,121.406829
280,East China University of Political Science and Law,31.224239,121.41823
281,East China University of Science and Technology,31.140897,121.425248
282,Eastern Liaoning University,40.176685,124.3641769
283,Eastern Mennonite University,38.4724719,-78.8775142
284,Eastern Michigan University,42.2506803,-83.624089
285,Eastern Oregon University,45.3186715,-118.0916595
286,Eastern Washington University,47.4910283,-117.5862361
287,Eastside High School,34.8938078,-82.3005219
288,Edgewood College,43.060689,-89.423378
289,El Camino College,33.8852358,-118.3284419
290,Embry-Riddle Aeronautical University,37.6289836,-97.24589020000000
291,Emory University,33.7971368,-84.32224
292,Emporia State University,38.4163982,-96.17927640000000
293,Erasmus University Rotterdam,51.9170494,4.525585900000000
294,Eureka College,40.71398,-89.267575
295,Evanston Township High School,42.04631030000000,-87.7007442
296,FMV Isik Okullari Iktisadi Isletmesi,,
297,Fairmont State University,39.4857867,-80.1630335
298,Father Gabriel Richard Regional Catholic High School,42.3141056,-83.67517770000000
299,Fayetteville State University,35.0742206,-78.8924896
300,Florida Gulf Coast University,26.4637116,-81.7752618
301,Florida State University,30.4418778,-84.2984889
302,Foshan University,23.02469,113.097275
303,Fourth Military Medical University,34.277353,108.979147
304,Francis Marion University,34.1904251,-79.6519849
305,Franklin & Marshall College,40.0487391,-76.31992270000000
306,Franklin College,39.478646,-86.045479
307,Franklin W. Olin College of Engineering,42.2930114,-71.26378200000000
308,Frontier Regional School,42.4834203,-72.6056126
309,Fu Jen Catholic University,25.0334487,121.4334756
310,Fudan University,31.2974197,121.5036178
311,Fujian Agriculture and Forestry University,26.084946,119.239701
312,Fujian Medical University,26.067459,119.2995
313,Fujian Normal University,26.0252776,119.2117845
314,Fujian Police College,26.0273053,119.3135791
315,Fujian University of Technology,26.085573,119.372442
316,Fuyang Normal University,32.893401,115.786321
317,Fuzhou University,26.0818505,119.2865017
318,Fuzhou University of International Studies and Trade,26.0818505,119.2865017
319,Fuzhou University of International Studies and Tradeis,25.9246325,119.4987046
320,Gannan Normal University,25.795524,114.887227
321,Gannon University,42.1282555,-80.0867478
322,Gansu Agricultural University,36.090703,103.700763
323,George Washington University,38.8997145,-77.0485992
324,Georgetown College,38.2070039,-84.5542847
325,Georgetown University,38.9076089,-77.07225850000000
326,Georgia College,33.0804485,-83.2319298
327,Georgia Institute of Technology,33.7756178,-84.39628500000000
328,Georgia Southern University,32.42054890000000,-81.78653470000000
329,Gettysburg College,39.8356944,-77.2356339
330,Godwin High School,37.619834,-77.6049972
331,Gonzaga University,47.66703210000000,-117.4014343
332,Gordon College,42.5893751,-70.8209286
333,Goshen College,41.5637669,-85.8280851
334,Grand View University,41.6207353,-93.60024830000000
335,Green River College,47.3130847,-122.1798216
336,Greenville College,38.894586,-89.40843340000000
337,Grinnell Colege,41.749223,-92.7201302
338,Grinnell College,41.749223,-92.7201302
339,Guangdong Baiyun University,23.272722,113.209421
340,Guangdong Institute of Education,23.096246,113.31749
341,Guangdong Lingnan Institute of Technology,23.166912,113.419192
342,Guangdong Ocean University,21.150374,110.305527
343,Guangdong Peizheng College,23.4099671,113.0927302
344,Guangdong Pharmaceutical University,23.054777,113.405371
345,Guangdong Polytechnic Normal University,23.131707,113.371643
346,Guangdong University Of Finance and Economics,23.089479,113.356876
347,Guangdong University of Business Studies,23.089479,113.356876
348,Guangdong University of Finance,23.200123,113.379778
349,Guangdong University of Foreign Studies,23.199791,113.289552
350,Guangdong University of Petrochemical Technology,21.676286,110.923042
351,Guangdong University of Technology,23.033374,113.39728
352,Guangdong Vocational College of Electronics,21.262327,110.367681
353,Guanghua Cambridge International School,31.286553,121.530508
354,Guangxi Normal University,25.284448,110.299584
355,Guangxi Science and Technology Normal University,24.469731,109.383455
356,Guangxi Teachers Education University,22.84097,108.320053
357,Guangxi Traditional Chinese Medical University,22.842074,108.317775
358,Guangxi University,22.8342891,108.2865269
359,Guangxi University for Nationalities,22.841686,108.235758
360,Guangxi University of Finance and Economics,22.836597,108.299166
361,Guangxi University of Science and Technology,24.333834,109.44252
362,Guangzhou College of Technology and Business,23.001337,113.394687
363,Guangzhou Medical University,23.132859,113.255442
364,Guangzhou No.7 Middle School,23.121463,113.297231
365,Guangzhou University,23.2759012,113.6721525
366,Guangzhou University of Chinese Medicine,23.1091,113.24366
367,Guilin Institute of Information Technology,25.307045,110.4135
368,Guilin University of Aerospace Technology,25.28229,110.371801
369,Guilin University of Electronic Technology,25.28164,110.337304
370,Guilin University of Technology,25.280923,110.316379
371,Guiyang Nursing Vocational College,26.613789,106.604384
372,Guizhou Education University,26.375359,106.638442
373,Guizhou Medical University,26.375359,106.638442
374,Guizhou Minzu University,26.463891,106.669841
375,Guizhou Normal University,26.5869154,106.7227525
376,Guizhou University,26.424084,106.673534
377,Guizhou University of Engineering Science,,
378,Guizhou University of Finance and Economics,26.37902,106.638986
379,Gustavus Adolphus College,44.3221619,-93.9687771
380,Haikou University of Economics,20.0599454,110.3312538
381,Hainan Institute of Science and Technology,20.043786,110.407678
382,Hainan Tropical Ocean University,18.308063,109.535136
383,Hainan University,20.06199,110.32874
384,Hampden-Sydney College,37.2412151,-78.4627447
385,Hangzhou Dianzi University,30.286825,120.140528
386,Hangzhou High School,30.265375,120.172539
387,Hangzhou No. 14 High School,30.263898,120.158994
388,Hangzhou Normal University,30.289532,120.009886
389,Hannan University,34.5914401,135.5348878
390,Hanshan Normal University,23.657869,116.663859
391,Harbin Engineering University,45.77323700000000,126.6641261
392,Harbin Far East Institute of Technology,45.867197,126.532624
393,Harbin Finance University,45.7160787,126.6409384
394,Harbin Huade University,45.7470436,126.6334306
395,Harbin Institude of Technology,45.7470436,126.6334306
396,Harbin Institute of Technology,45.7470436,126.6334306
397,Harbin Institute of Technology (Shenzhen),45.7470436,126.6334306
398,Harbin Institute of Technology (Weihai),37.526675,122.081138
399,Harbin Medical University,45.7003851,126.6202132
400,Harbin No 3 High School,45.76499100000000,126.639556
401,Harbin No.3 Middle School,45.76499100000000,126.639556
402,Harbin Normal University,45.8610042,126.5549154
403,Harbin University of Commerce,45.7372232,126.6056072
404,Harbin University of Science and Technology,45.715606,126.6146619
405,Harvard University,42.3770029,-71.11666010000000
406,Harvey Mudd College,34.1057394,-117.7095541
407,Hastings College,40.59067050000000,-98.3745939
408,Haverford College,40.00932420000000,-75.3076619
409,Hawaii Pacific University,21.3067033,-157.8654012
410,HeFei Normal University,31.85563,117.276264
411,Hebei  Finance  University,38.91975500000000,115.500112
412,Hebei Agricultural University,38.850606,115.483441
413,Hebei Engineering University,36.569924,114.500288
414,Hebei Finance University,38.91975500000000,115.500112
415,Hebei GEO University,38.019724,114.548111
416,Hebei Normal University,37.99808,114.51859
417,Hebei Normal University for Nationalities,37.99808,114.51859
418,Hebei Polytechnic University,38.0340607,114.5148152
419,Hebei United University,39.6253393,118.1625999
420,Hebei University,38.873378,115.516758
421,Hebei University of Architecture,40.75969,114.899126
422,Hebei University of Economics and Business,38.135144,114.49548
423,Hebei University of Engineering,36.569924,114.500288
424,Hebei University of Science and Technology,37.9763587,114.5212977
425,Hebei University of Technology,39.179635,117.165882
426,Hefei No.1 High School,31.858961,117.273191
427,Hefei No.8 High School,31.80824700000000,117.2066595
428,Hefei University,31.8405068,117.2638057
429,Hefei University of Technology,31.847443,117.295572
430,Heilongjiang Bayi Agricultural University,46.588507,125.163144
431,Heilongjiang College  of Architectural,45.8169689,126.6526765
432,Heilongjiang College of Construction,45.873804,126.5042821
433,Heilongjiang Institute of Technology,45.744045,126.6620243
434,Heilongjiang University,45.7077,126.623977
435,Heilongjiang University of Science and Technology,45.820524,126.652258
436,Helsingin matematiikkalukio,60.23004210000000,24.9251723
437,Helsinki University of Technology,60.1784175,24.828327
438,Helsinki Upper Secondary School of Mathematics,60.1671543,24.9379633
439,Henan Agricultural University,34.7854718,113.6632032
440,Henan Institute of Science and Technology,35.46411,113.767222
441,Henan Normal University,35.3268663,113.9159103
442,Henan Polytechnic University,33.03851,112.601598
443,Henan University,34.808921,114.369752
444,Henan University of Economics and Law,34.80328800000000,113.663984
445,Henan University of Engineering,34.793857,113.63882
446,Henan University of Finance and Economics,34.78206,113.819519
447,Henan University of Science and Technology,34.603664,112.422678
448,Henan University of Technology,34.829495,113.551715
449,Henan University of Urban Construction,33.769448,113.189162
450,Hendrix College,35.0996406,-92.4407368
451,Hengshui University,37.743498,115.662372
452,Hengyang Normal University,26.864021,112.627999
453,Heritage University,46.373833,-120.3947462
454,Hexi University,38.94385400000000,100.4447198
455,High Point University,35.9720695,-79.99499830000000
456,High School Affiliated to Fudan University,31.291785,121.506469
457,High School Affiliated to Renmin University of China,39.973592,116.312477
458,High School Affiliated to Shanghai Jiao Tong University,31.319705,121.488953
459,High School Attached to Harbin Normal University,45.719728,126.611622
460,High School Attached to Northeast Normal University,43.862957,125.314678
461,Hillsdale College,41.9326414,-84.6336504
462,Hiram College,41.3107999,-81.14399880000000
463,History of Mathematics and Science.Northwest,,
464,Hobart and William Smith Colleges,42.8572633,-76.987228
465,Hohai University,32.054204,118.756843
466,Hong Kong Baptist University,22.3386388,114.1819316
467,Hong Kong Polytechnic University,22.303998,114.179734
468,Hong Kong University,22.2829989,114.1370848
469,Hong Kong University of Science and Technology,22.3363998,114.2654655
470,Hood College,39.4212402,-77.4198487
471,Houghton College,42.4259685,-78.15526610000000
472,Hu Bei University of Economics,30.41918400000000,114.436839
473,Hua Zhong Agriculture University,30.475126,114.353035
474,Hua Zhong University Of Science and Technology,30.5130043,114.4202756
475,Huaibei Normal University,33.9818343,116.8108357
476,Huaihai Institute of Technology,34.605864,119.221857
477,Huainan Normal University,32.613785,116.960615
478,Huaiyin Institute of Technology,33.5491006,119.035706
479,Huaiyin Normal University,33.599411,119.029348
480,Huaiyin Teachers College,,
481,Huanggang Normal University,30.447561,114.927401
482,Huanghe Science and Technology College,34.689431,113.670939
483,Huanghuai University,32.984041,114.00808
484,Huaqiao University,24.934879,118.645694
485,Huazhong Agricultural University,30.475126,114.353035
486,Huazhong Normal University,,
487,Huazhong University of Science and Technology,30.5130043,114.4202756
488,Hubei Communications Technical College,30.538872,114.246921
489,Hubei Normal University of Arts and Sciences,30.190941,115.039149
490,Hubei University,30.44873,114.271682
491,Hubei University for Nationalities,30.294519,109.50261
492,Hubei University of Economics,30.41918400000000,114.436839
493,Hubei University of Science and Technology,29.864676,114.272208
494,Huizhou University,23.0449384,114.4185744
495,Humboldt State University,40.8747332,-124.0789268
496,Hunan Agricultural University,28.180967,113.084828
497,Hunan City University,28.540055,112.387581
498,Hunan First Normal University,28.1996166,112.8693951
499,Hunan Institute of Engineering,27.846835,112.929365
500,Hunan Normal University,28.167918,112.937213
501,Hunan Police Academy,28.223418,113.130084
502,Hunan University,28.178915,112.94395
503,Hunan University of Arts and Science,29.0434112,111.6719387
504,Hunan University of Finance and Economics,28.205518,112.926696
505,"Hunan University of Humanities, Science and Technology",27.712328,112.006373
506,Hunan University of Science and Technology,27.9049327,112.9160409
507,Hunan University of Technology and Commerce,28.218868,112.92016
508,Huzhou Teachers College,30.873644,120.124019
509,Huzhou University,30.871605,120.101447
510,IISER Kolkata,22.9638419,88.5245023
511,IUPUI,39.77435,-86.1763446
512,Idaho State University,42.8627836,-112.429762
513,Illinois Institute of Technology,41.8348731,-87.6270059
514,Illinois Mathematics and Science Academy,41.7869998,-88.3547522
515,Illinois Wesleyan University,40.490892,-88.99051520000000
516,Imperial College London,51.49879970000000,-0.1748772
517,Indian Institute of Technology,28.5449756,77.19262840000000
518,Indiana Tech,41.077818,-85.116851
519,Indiana University Bloomington,39.1754487,-86.512627
520,Indiana University South Bend,41.6622956,-86.21971830000000
521,Indiana University of Pennsylvania,40.6140124,-79.16146690000000
522,Indiana Wesleyan University,40.5169946,-85.6626462
523,Indianola High School,41.35978,-93.54411000000000
524,Inner Mongolia Agricultural University,40.806114,111.702182
525,Inner Mongolia Medical University,40.743445,111.438124
526,Inner Mongolia Normal University,40.848945,111.779894
527,Inner Mongolia University,40.758878,111.685489
528,Inner Mongolia University for Nationalities,43.62901,122.253884
529,Inner Mongolia University of Finance and Economics,40.83768600000000,111.666472
530,Inner Mongolia University of Science and Technology,40.621346,109.832458
531,Inner Mongolia University of Technology,40.845285,111.714902
532,Institut Teknologi Bandung,-6.89148,107.6106591
533,Institut Teknologi Sepuluh Nopember,-7.282356,112.7949253
534,Iowa State University,42.0266187,-93.6464654
535,Irvine Valley College,33.6754033,-117.77773
536,Ithaca College,42.421658,-76.498564
537,Ivy Advantage Academy,40.063097,-75.13846630000000
538,Jackson State University,32.2968851,-90.2064252
539,Jacksonville University,30.3530584,-81.6066798
540,Jacobs University,53.167752,8.654504800000000
541,James Madison University,38.435092,-78.8697548
542,Ji'an College,27.0774517,114.9831494
543,JiLin JianZhu University,43.795122,125.406845
544,Jiading NO.1 High School,31.4066126,121.2545603
545,Jiading NO.2 High School,31.294383,121.311968
546,Jiading NO.3 High School,31.37586900000000,121.265374
547,Jiading NO.4 High School,31.385689,121.2499243
548,Jiamusi University,46.786808,130.3643959
549,Jianghan University,30.601749,114.291077
550,Jiangnan University,31.482675,120.277464
551,Jiangsu College of Finance and Accounting,33.1401715,119.7889248
552,Jiangsu Houji Senior High School,34.2653404,117.3700023
553,Jiangsu Jianzhu Institute,32.393056,119.417132
554,Jiangsu Normal University,34.198426,117.184271
555,Jiangsu University,32.19932,119.514279
556,Jiangsu University of Technology,32.19758100000000,119.466296
557,Jiangxi Agricultural University,28.762772,115.832826
558,Jiangxi Applied Technology Vocational College,25.848982,114.944437
559,Jiangxi College of Applied Technology,25.848982,114.944437
560,Jiangxi College of Construction,28.569954,115.8816758
561,Jiangxi Environmental Engineering Vocational College,25.883302,114.916388
562,Jiangxi Normal University,28.6785,116.031212
563,Jiangxi Science and Technology Normal University,28.7247282,115.8040853
564,Jiangxi University of Engineering,25.853708,114.931526
565,Jiangxi University of Finance and Economics,28.727339,115.816633
566,Jiangxi University of Science and Technology,25.853708,114.931526
567,Jiangxi University of Traditional Chinese Medicine,28.6784101,115.7465026
568,Jiaxing University,30.739731,120.723188
569,Jiaying University,24.325387,116.128732
570,Jieshou No.1 Middle School,24.0707406,120.5481716
571,Jieyang Vocational&Technical College,23.475081,116.316178
572,Jilin Agricultural University,43.8138695,125.406601
573,Jilin City No.1 High School,43.81334,126.52498
574,Jilin Institute of Architecture and Civil Engineering,43.817196,125.278169
575,Jilin Institute of Chemical Technology,43.82157,126.556555
576,Jilin Jianzhu University,43.795122,125.406845
577,Jilin Medical College,43.806621,126.560645
578,Jilin Normal University,43.15549,124.35263
579,Jilin Teachers Institute of Engineering and Technology,43.837883,126.549572
580,Jilin University,43.82572,125.2850161
581,Jilin University of Finance and Economics,43.816638,125.442365
582,Jilin Vocational College of Industry and Technology,43.821058,126.556214
583,Jimei University,24.576921,118.092327
584,Jinan University,23.128057,113.347721
585,Jinan University Zhuhai Campus,22.248807,113.536244
586,Jinggangshan University,27.110124,115.028207
587,Jinhua Polytechnic,29.06162,119.631972
588,Jining University,35.39564,116.596889
589,Jinling High School,32.048199,118.781907
590,Jinling Institute of Technology,32.025815,118.793999
591,Jishou University,28.286999,109.721903
592,John Tyler Community College,37.34660910000000,-77.40779740000000
593,Johns Hopkins University,39.3299013,-76.6205177
594,Juniata College,40.5001397,-78.01589780000000
595,KAIST,36.3721427,127.36039
596,KTH Royal Institute of Technology,59.3498195,18.070511
597,Kaili University,26.529396,107.891657
598,Kansas State University,39.1974437,-96.5847249
599,Kansas Wesleyan University,38.8135523,-97.60908100000000
600,Kenyon College,40.3718965,-82.39830790000000
601,Kinnaird College For Women,31.53649730000000,74.3405822
602,Knox College,40.9433331,-90.3704499
603,Korea Advanced Institute of Science & Technology,36.3721427,127.36039
604,Kunming University,24.977119,102.794314
605,Kunming University of Science and Technology,25.023088,102.682988
606,Kutztown University,40.5105216,-75.7829733
607,Kwangwoon University,37.6194277,127.05982
608,Kwantlen Polytechnic University,49.1326553,-122.8714821
609,La Salle University,40.0386037,-75.1566354
610,Lafayette College,40.7000652,-75.2081271
611,Lake Forest College,42.2505946,-87.82863
612,Lamar University,30.03990530000000,-94.0755748
613,Lanzhou Institute of Technology,36.050524,103.749982
614,Lanzhou Jiaotong University,36.105673,103.724273
615,Lanzhou University,36.0477699,103.8585624
616,Lanzhou University of Finance and Economics,36.044192,103.894042
617,Lanzhou University of Technology,36.0477699,103.8585624
618,Lawrence Technological University,42.4755011,-83.24979670000000
619,Lawrence University,44.2611716,-88.3989041
620,Lee University,35.1659566,-84.869399
621,Lehigh University,40.6048687,-75.3775187
622,Leshan Normal University,29.555885,103.751747
623,Lewis & Clark College,45.449163,-122.6704414
624,Lianyungang Technical College,34.6621933,119.2423118
625,Liaocheng University,36.427729,115.995122
626,Liaoning Institute of Science and Technology,41.457674,123.71647
627,Liaoning Normal University,38.92609100000000,121.482732
628,Liaoning Police Academy,38.967259,121.330773
629,Liaoning Province Shiyan High School,41.834497,123.420248
630,Liaoning Technical University,42.0246381,121.6655931
631,Liaoning University,41.901142,123.413385
632,Liaoning University of International Business and Economics,38.817066,121.157869
633,Liaoning University of Petroleum and Chemical Technology,41.856358,123.791387
634,Liaoning University of Science and Technology,41.104565,123.058208
635,Liaoning University of Technology,41.145453,121.126612
636,Liaoning University of Traditional Chinese Medicine,41.831508,123.433675
637,Linfield College,45.2006802,-123.1993365
638,LingNan Institute of Technology,23.166912,113.419192
639,Lingnan Normal University,21.274924,110.351576
640,Linnaeus University,56.8544846,14.8300257
641,Linyi NO.1 High School of Shandong Province,35.060207,118.354845
642,Linyi Normal Univeity,35.1176184,118.2965228
643,Linyi Number 7 middle school,35.060207,118.354845
644,Linyi University,35.124632,118.288071
645,Lipscomb University,36.1046171,-86.798878
646,Lishui University,28.457037,119.901428
647,London School of Economics and Political Science,51.5144388,-0.1164513
648,Lone Star College North Harris,30.0050601,-95.3817213
649,Longdong University,35.729285,107.685908
650,Longwood University,37.29717980000000,-78.3961973
651,Longyan University,25.03291,117.019619
652,Loras College,42.5030898,-90.68106070000000
653,Lord Byng Secondary School,49.2585212,-123.1920965
654,Los Altos High School,37.3859381,-122.1093843
655,Louisiana Tech University,32.5282644,-92.6499298
656,Loyola Academy High  School,42.0835483,-87.7601861
657,Loyola University Maryland,39.3463882,-76.6210078
658,Ludong University,37.517142,121.358532
659,Luoyang Institute of Science and Technology,34.60803,112.438072
660,Luoyang Normal University,34.673493,112.348832
661,Luther College,43.311063,-91.8062533
662,Lvliang University,37.526208,111.166144
663,MSU Denver,39.7431729,-105.0062626
664,Macalester College,44.9378933,-93.1691354
665,Macau University of Science and Technology,22.152579,113.5676887
666,Macquarie University,-33.77382370000000,151.1126498
667,Madonna University,42.3857893,-83.4062995
668,Maggie L Walker Governors School,37.557879,-77.45360600000000
669,Maggie Walker Governors School,37.557879,-77.45360600000000
670,Maine School of Science and Mathematics,46.9066729,-67.8301858
671,Malone College,40.82734870000000,-81.37894640000000
672,Malone University,40.82734870000000,-81.37894640000000
673,Marshall University,38.4235252,-82.42641450000000
674,Marymount Manhattan College,40.76874190000000,-73.9597198
675,Maryville College,35.7514166,-83.96416340000000
676,Marywood University,41.43513190000000,-75.6324234
677,Massachusetts College of Liberal Arts,42.691554,-73.1033372
678,Massachusetts Institute of Technology,42.360091,-71.09416
679,McGill University,45.50478470000000,-73.5771511
680,Mercer University,32.8288186,-83.64977690000000
681,Meredith College,35.7944904,-78.6878971
682,Miami University,39.5105334,-84.73087680000000
683,Michigan State University,42.701848,-84.4821719
684,Michigan Technological University,47.11677480000000,-88.54602180000000
685,Middle Georgia State College,32.8114989,-83.7336474
686,Middle Tennessee State University,35.8486105,-86.3648813
687,Midlands Technical College,34.0180227,-80.9892663
688,Military Economic Academy,,
689,Military Transportation University,26.891512,-80.103493
690,Milligan College,36.30194520000000,-82.294843
691,Mills E. Godwin High School,37.619834,-77.6049972
692,Minerva Schools at KGI,37.7793553,-122.4131259
693,Minerva Schools at the Keck Graduate,37.7793553,-122.4131259
694,Minnan Normal University,24.510334,117.63421
695,Minnesota State University Moorhead,46.8671458,-96.7610694
696,Minzu University of China,39.950878,116.320185
697,Missouri Southern State University,37.0959022,-94.4607637
698,Missouri State University,37.2005546,-93.2806806
699,Missouri University of Science and Technology,37.9537078,-91.7756271
700,Monash University Malaysia,3.0648608,101.6009825
701,Monash university,-37.9105599,145.1362485
702,Monmouth College,40.9135265,-90.6386297
703,Montana State University,45.6673524,-111.0546211
704,Montana Tech,46.0116149,-112.5569969
705,Moravian College,40.6310336,-75.38135180000000
706,Morehead State University,38.1886162,-83.4315122
707,Morningside College,42.4731744,-96.3584236
708,Mount Holyoke College,42.2535803,-72.5766598
709,Mount Marty College,42.8744419,-97.4103591
710,Mount St. Mary's University,39.6799914,-77.3486971
711,Mt. Mercy College,42.0027013,-91.6522379
712,NO.1 Middle School affiliated to Central China Normal University,,
713,NanJing Tech University,32.076734,118.778139
714,NanTong Institute of Technology,32.042141,120.809626
715,Nanchang Hangkong University,28.656811,115.828837
716,Nanchang Institute of Technology,28.676363,115.935491
717,Nanchang Military Academy,28.6771482,115.809219
718,Nanchang University,28.683529,115.937347
719,Nanjing Agricultural University,32.03341,118.842577
720,Nanjing Audit University,32.039026,118.752321
721,Nanjing College of Chemical Technology,32.236983,118.753536
722,Nanjing College of Information Technology,32.127509,118.941986
723,Nanjing Foreign Language School,32.056151,118.801451
724,Nanjing Forestry University,32.080904,118.812736
725,Nanjing Institute of Industry Technology,32.017134,118.833842
726,Nanjing Institute of Technology,31.916051,118.885314
727,Nanjing Jinling High School,32.048199,118.781907
728,Nanjing Medical University,32.043846,118.774763
729,Nanjing Normal University,32.054943,118.764947
730,Nanjing University,32.0568391,118.7789602
731,Nanjing University of Aeronautics and Astronautics,32.034109,118.823419
732,Nanjing University of Chinese Medicine,,
733,Nanjing University of Finance and Economics,32.086293,118.760413
734,Nanjing University of Information Science & Technology,32.20541,118.726956
735,Nanjing University of Information Science and Technology,32.20541,118.726956
736,Nanjing University of Posts and Telecommunications,32.0819945,118.7662779
737,Nanjing University of Science and Technology,32.035225,118.855317
738,Nanjing Xiaozhuang University,32.037095,118.752535
739,Nankai University,39.10394430000000,117.1742232
740,Nanning No.2 Middle High School,22.811262,108.328466
741,Nantong  University,31.97259500000000,120.909941
742,Nantong Normal College,31.891438,121.169089
743,Nantong Shipping College,31.916589,120.962168
744,Nantong University,31.97259500000000,120.909941
745,Nanyang Model High School,31.18977200000000,121.451672
746,Nanyang Normal University,32.976147,112.490087
747,Nanyang Technological University,1.3483099,103.6831347
748,Nation Taiwan University,25.0173405,121.5397518
749,National Chiao Tung University Guangfu Campus,24.7860397,120.9997278
750,National University of Defense Technology,39.909804,119.544233
751,National University of Ireland Galway,53.27915490000000,-9.0617372
752,"National University of Ireland, Galway",53.27915490000000,-9.0617372
753,National University of Sciences & Technology,24.889525,67.0892856
754,National University of Singapore,1.2966426,103.7763939
755,"Naval Aeronautical and Astronautical University, China",,
756,Nazareth College,43.1030175,-77.520027
757,Nebraska Wesleyan University,40.8388083,-96.64742540000000
758,Neijiang Normal University,29.588387,105.05082
759,Netaji Subhas Institute of Technology,28.610273,77.0378818
760,New Jersey Institute of Technology,40.7427996,-74.1770884
761,New Mexico Institute of Mining and Technology,34.065993,-106.905611
762,New Mexico State University,32.2787745,-106.7479059
763,New Mexico Tech,34.065993,-106.905611
764,New York Institute of Technology,40.769718,-73.982575
765,New York University,40.72951340000000,-73.9964609
766,New York University Shanghai,31.225854,121.53415
767,Ningbo Huizhen Academy,29.8951168,121.5403888
768,Ningbo University,29.803449,121.561609
769,Ningbo University of Finance and Economics,29.87481400000000,121.547343
770,Ningbo University of Technology,29.90986300000000,121.614323
771,Ningxia Normal University,36.013711,106.284576
772,Ningxia University,38.5365101,106.1369804
773,No. 2 High School Attached to East China Normal University,31.201231,121.591667
774,No. 3 High School Attached to East China Normal University,31.227667,121.406829
775,No. 4 High School Attached to East China Normal University,31.227667,121.406829
776,North Carolina School of Science and Mathematics,36.0196145,-78.9207145
777,North Carolina State University,35.7846633,-78.6820946
778,North China Electric Power University,40.0897592,116.3097968
779,North China Institute of Aerospace Engineering,39.526285,116.731368
780,North China Institute of Science and Technology,39.953173,116.804799
781,North China University of Technology,39.9305635,116.2071815
782,North China University of Water Resources and Electric Power,34.780456,113.795422
783,North Dakota State University,46.8977528,-96.8024367
784,North East Petroleum University,46.585797,125.1453381
785,North University of China,38.0108711,112.442814
786,Northeast Agricultural University,45.73547,126.725765
787,Northeast Electric Power University,43.823269,126.504183
788,Northeast Forestry University,45.7240008,126.6403002
789,Northeast Normal University,43.862026,125.331441
790,Northeast Petroleum University,46.585797,125.1453381
791,Northeast Yucai Foreign Language School,41.7008616,123.4362481
792,Northeastern State University,35.9209678,-94.965902
793,Northeastern University,39.9230856,119.5548509
794,Northeastern University (China),39.9230856,119.5548509
795,Northeastern University at Qinhuangdao,39.92357,119.555809
796,Northern Arizona University,35.1804402,-111.6539683
797,Northern Illinois University,41.934233,-88.774069
798,Northern Kentucky University,39.0319664,-84.4645836
799,Northwest A&F University,34.262298,108.073742
800,Northwest Minzu University,36.045989,103.818081
801,Northwest Missouri State University,40.3519854,-94.8825243
802,Northwest Normal University,36.1004385,103.7359802
803,Northwest Polytechnical University,34.2423272,108.9152976
804,Northwest University (China),34.14552,108.875136
805,Northwest University of Politics and Law,34.1569222,108.917631
806,Northwestern College,42.9979484,-96.0582598
807,Northwestern Polytechnical University,34.2423272,108.9152976
808,Norwich University,44.1383618,-72.6591964
809,Nottingham Trent University,52.9546629,-1.155393
810,Nutshell University of Aruba,,
811,Occidental College,34.1273187,-118.2101144
812,Ocean University of China,36.061255,120.335301
813,Oglethorpe University,33.8761916,-84.33471280000000
814,Ohio State University,40.0068363,-83.0306222
815,Ohio University,39.324358,-82.10138890000000
816,Oklahoma State University,36.1270236,-97.07372220000000
817,Olin College,42.2930114,-71.26378200000000
818,Onalaska High School,43.8764232,-91.2273048
819,Open University of Hong Kong,22.3163552,114.1801817
820,Oregon Institute of Technology,42.2573474,-121.7849109
821,Oregon State University,44.5637806,-123.2794443
822,PLA Air Force Aviation University,32.3771126,-86.3386457
823,PLA Army Service Academy,,
824,PLA Information Engineering University,34.8145347,113.5687435
825,PLA Naval University of Engineering,30.5756202,114.2426218
826,PLA Rocket Force University of Engineering,34.315823,109.1233908
827,PLA University of Science and Technology,31.97090700000000,118.8128989
828,Pacific Lutheran University,47.14519310000000,-122.4436669
829,Pacific University,45.5209375,-123.1095126
830,Paivola School of Mathematics,38.95878770000000,-95.2492245
831,Panjin Vocational & Technical College,40.726537,122.108196
832,Panzhihua University,26.568323,101.731632
833,Parahyangan Catholic University,-6.8752721,107.6055583
834,ParisTech,48.8722808,2.3266784
835,Peking University,39.986913,116.3058739
836,Penn State Abington,40.1152664,-75.1106259
837,Penn State Harrisburg,40.2040778,-76.7415475
838,Penn State University,40.7982133,-77.8599084
839,Pennsylvania State University,40.7982133,-77.8599084
840,People's Public Security University of China,40.127948,116.278102
841,Pepperdine University,34.0414045,-118.7095814
842,Philippine Science High School-Central,15.1923273,120.5347627
843,Pine View School,42.8435763,-106.2867808
844,Plymouth State University,43.7594781,-71.6882664
845,Pomona College,34.0973098,-117.7130839
846,Portland State University,45.5111471,-122.6834235
847,Prasetiya Mulya University,-6.2915246,106.788997
848,Princeton University,40.3430942,-74.65507390000000
849,Purdue University,40.4237054,-86.92119460000000
850,Putian University,25.444014,119.010572
851,Päivölä College of Mathematics,61.1597143,24.018377
852,Qiannan Normal College of Nationalities,26.293115,107.519019
853,Qilu University of Technology,36.555493,116.811621
854,Qindao Agricultural University,36.321259,120.39659
855,Qingdao Agricultural University,36.321259,120.39659
856,Qingdao Huanghai University,35.923553,120.110737
857,Qingdao Institute of Technology,36.084082,120.370857
858,Qingdao Technical College,36.084082,120.370857
859,Qingdao University,36.068847,120.428165
860,Qingdao University of Science and Technology,36.119951,120.482157
861,Qingdao University of Technology,36.068847,120.428165
862,Qinghai University,36.729494,101.751451
863,Quanzhou Normal University,24.867067,118.66915
864,Queen's University,44.2252795,-76.49514120000000
865,"Queens College, City University of New York",40.73664370000000,-73.8200894
866,Qufu Normal University,35.595596,116.969118
867,Qujing Normal University,25.522275,103.750922
868,RIPED,,
869,Radford University,37.1395334,-80.5511003
870,Ramapo College of New Jersey,41.0819323,-74.1758157
871,Randolph College,37.4371805,-79.17204820000000
872,Reed College,45.4810848,-122.6308086
873,Regis College,42.351136,-71.30797250000000
874,Regis University,39.7896167,-105.0299278
875,Renmin University of China,39.9696062,116.3188145
876,Rensselaer Polytechnic Institute,42.7297628,-73.67888840000000
877,Rhodes College,35.1556997,-89.9889893
878,Rice University,29.7173941,-95.40183120000000
879,Richard Montgomery High School,39.0793201,-77.1466232
880,Richard Stockton College of New Jersey,39.4919685,-74.53097750000000
881,Ripon College,43.843222,-88.84096
882,Rivier College,42.7392791,-71.4540952
883,Roanoke College,37.294248,-80.05492700000000
884,Rochester Institute of Technology,43.0844955,-77.6749311
885,Roger Williams University,41.6511285,-71.2598636
886,Roosevelt University,41.8763427,-87.6251169
887,Rose-Hulman Institute of Technology,39.4828386,-87.3240403
888,Rowan College,39.7089194,-75.11827340000000
889,Rowan University,39.7089194,-75.11827340000000
890,Rutgers University,40.5008186,-74.44739910000000
891,SKH Bishop Mok Sau Tseng Secondary,22.4451953,114.1698556
892,SUNY Fredonia,42.4538665,-79.34036330000000
893,SUNY New Paltz University,41.7390054,-74.0851655
894,SUNY University at Albany,42.6849814,-73.824773
895,SUNY at Buffalo,43.0008093,-78.7889697
896,Sacred Heart University,41.22046540000000,-73.2431786
897,Saddleback College,33.5540319,-117.6641121
898,Sagacity Education Institute,,
899,Saginaw Valley State University,43.5142733,-83.9623559
900,Saint Louis University,38.6346955,-90.23405870000000
901,Saint Mary's College,37.8413472,-122.1101354
902,Saint Vincent College,40.2925415,-79.40036550000000
903,Salem State University,42.5033384,-70.89074940000000
904,Salisbury University,38.345073,-75.60469680000000
905,Sam Houston State University,30.7129974,-95.5472905
906,San Diego State University,32.7759894,-117.0712533
907,Seattle Pacific University,47.6492371,-122.3620699
908,Seattle University,47.6091765,-122.3178465
909,Second Military Medical University,,
910,Seton Hall University,40.7433773,-74.2465446
911,Sewanee: University of the South,35.20518,-85.9176605
912,Shaanxi Electronic Technical College,34.2511225,109.0320571
913,Shaanxi Normal University,34.157596,108.893408
914,Shaanxi Railway Institute,34.486447,109.506337
915,Shaanxi University of Science and Technology,34.381105,108.978476
916,Shaanxi University of Technology,33.070925,107.055683
917,Shandong Agricultural University,36.19393760000000,117.1193702
918,Shandong Agriculture and Engineering University,36.6946755,117.0938536
919,Shandong Business Institute,42.6151505,-77.09054140000000
920,Shandong Economic University,36.637008,117.072309
921,Shandong Experimental High School,36.6575738,117.0052429
922,Shandong Institute of Commerce and Technology,36.6362738,117.2692113
923,Shandong Jianzhu University,36.679158,117.179382
924,Shandong Jiaotong University,36.537538,116.799086
925,Shandong Management University,36.10958,120.353831
926,Shandong Normal University,36.652703,117.042083
927,Shandong Police College,36.693504,117.149705
928,Shandong Technology and Business University,37.794254,120.757747
929,Shandong University,36.64893,117.029014
930,Shandong University at Weihai,37.529734,122.060834
931,Shandong University of Finance and Economics,36.637008,117.072309
932,Shandong University of Political Science and Law,36.654388,117.054837
933,Shandong University of Science and Technology,35.99963,120.125188
934,Shandong University of Technology,36.810009,117.999766
935,Shandong University of Traditional Chinese Medicine,36.650156,117.046138
936,Shandong Yingcai University,36.685571,117.325041
937,Shandong Zibo Experimental High School,36.8034494,118.008678
938,Shanghai Beijiao High School,31.27557,121.489495
939,Shanghai Beijiao Senior High School,31.27557,121.489495
940,Shanghai Business School,30.941207,121.456093
941,Shanghai Customs College,31.167194,121.577848
942,Shanghai Dianji University,30.9969765,121.3839018
943,Shanghai Experimental School,31.183017,121.508054
944,Shanghai Finance University,31.306594,121.494038
945,Shanghai Foreign Language School,31.278443,121.480307
946,Shanghai High School,44.4761575,-73.2175257
947,Shanghai Institute of Technology,30.838077,121.507817
948,Shanghai Institution of Electric Power,31.2096173,121.472222
949,Shanghai International Studies University,31.229618,121.418586
950,Shanghai Jiading No.1 Senior High School,31.4066126,121.2545603
951,Shanghai Jiading No.2 Senior High School,31.294383,121.311968
952,Shanghai Jiading No.3 Senior High School,31.37586900000000,121.265374
953,Shanghai Jiading No.4 Senior High School,31.195119,121.462072
954,Shanghai Jiading No.5 Senior High School,31.4066126,121.2545603
955,Shanghai Jiading No.6 Senior High School,31.4066126,121.2545603
956,Shanghai Jiading No.7 Senior High School,31.4066126,121.2545603
957,Shanghai Jian Qiao University,31.1502078,121.5903666
958,Shanghai Jiao Tong University,31.0252201,121.4337784
959,Shanghai Kongjiang High School,31.279357,121.532991
960,Shanghai Lixin University of Accounting and Finance,31.044932,121.198651
961,Shanghai Maritime University,30.874115,121.905446
962,Shanghai Normal University,30.835243,121.519928
963,Shanghai Ocean University,30.883691,121.896556
964,Shanghai Pinghe School,31.239867,121.589536
965,Shanghai Shangde Experimental School,31.13657,121.595063
966,Shanghai Sino European School of Technology,31.237274,121.596962
967,Shanghai University,31.306594,121.494038
968,Shanghai University of Electric Power,31.048797,121.7883611
969,Shanghai University of Engineering Science,31.05723,121.208437
970,Shanghai University of Finance and Economics,31.306594,121.494038
971,Shanghai University of International Business and Economics,31.0464001,121.2171783
972,Shanghai University of Political Science and Law,31.110119,121.171861
973,Shanghai University of Traditional Chinese Medicine,31.189043,121.450955
974,Shanghai World Foreign Language Academy High School,31.150162,121.415536
975,Shanghai Yucai High School,31.3259676,121.2873454
976,ShanghaiTech University,31.1763741,121.5924518
977,Shantou University,23.409312,116.63429
978,Shanxi Agricultural University,37.424442,112.578439
979,Shanxi College of Applied Science and Technology,37.623148,112.574432
980,Shanxi Datong University,40.094164,113.350743
981,Shanxi Engineering Vocational College,37.881619,112.550616
982,Shanxi Medical University,37.742848,112.740736
983,Shanxi University,37.8097105,112.5700854
984,Shanxi University of Finance and Economics,37.839765,112.554941
985,Shanxi University of Traditional Chinese Medicine,37.841507,112.530014
986,Shaoguan University,24.774817,113.674629
987,Shaoxing University,29.990541,120.5745152
988,Shaoxing YueXiu Foreign Languages College,30.068175,120.533648
989,Shenyang Aerospace University,41.9222115,123.3990267
990,Shenyang Agricultural University,41.821328,123.57225
991,Shenyang Institute of Engineering,41.916124,123.4145659
992,Shenyang Institute of Science and Technology,41.731583,123.2492621
993,Shenyang Jianzhu University,41.74381900000000,123.515164
994,Shenyang Normal University,41.90428600000000,123.420323
995,Shenyang Pharmaceutical University,41.769212,123.4461619
996,Shenyang University,41.82558300000000,123.46029
997,Shenyang University of Chemical Technology,41.74342,123.233549
998,Shenyang University of Technology,41.731583,123.2492621
999,Shenyang Urban Construction University,41.675897,123.418928
1000,Shenzhen Foreign Languages School,22.547956,114.093636
1001,Shenzhen Institute of Information Technology,22.6556911,114.0140414
1002,Shenzhen Middle School,22.551389,114.121602
1003,Shenzhen Polytechnic,22.580973,113.940407
1004,Shenzhen University,22.53306,113.932813
1005,Shihezi University,44.30661300000000,86.058027
1006,Shijiazhuang Mechanical Engineering College,37.9736384,114.5228497
1007,Shijiazhuang Railway Institute,38.088807,114.526408
1008,Shijiazhuang University,38.033171,114.604563
1009,Shijiazhuang University of Economics,38.3253554,114.792277
1010,Shippensburg University,40.0603939,-77.5234365
1011,Sichuan Agricultural University,29.977484,102.993691
1012,Sichuan Normal University,30.663772,104.025472
1013,Sichuan Technology and Business University,30.396712,103.478263
1014,Sichuan Tourism College,30.578908,104.27712
1015,Sichuan University,30.663964,104.071022
1016,Sichuan University Pittsburgh Institute,40.4443533,-79.960835
1017,Sichuan University of Arts and Science,31.235191,107.472399
1018,Sichuan University of Science and Engineering,29.335133,104.766023
1019,Sichuan Vocational and Technical College,30.531522,105.603449
1020,Siena Heights University,41.9046111,-84.0162617
1021,Simon Fraser University,49.2780937,-122.9198833
1022,Simpson College,41.364988,-93.56362600000000
1023,Singapore Management University,1.2962727,103.8501578
1024,Singapore University of Technology and Design,1.341258,103.9637585
1025,Sino-British College,31.2113299,121.4600358
1026,Sino-Dutch Biomedical and Information,,
1027,Sino-European Institute of Aviation Engineering,39.3433574,117.3616476
1028,Skagit Valley College,48.43595940000000,-122.3110491
1029,Skidmore College,43.0956588,-73.7856989
1030,Slippery Rock University,41.0628388,-80.040579
1031,Smith College,42.3162992,-72.6403095
1032,Snake River HS,43.1992467,-112.4802133
1033,Sonoma State University,38.3395854,-122.6743811
1034,Soochow  University,31.303257,120.651928
1035,South Central University for Nationalities,30.491766,114.396237
1036,South China Agricultural University,23.1568182,113.3536811
1037,South China Institute of Software Engineering.GU,23.451133,113.49444
1038,South China Normal University,23.048228,113.379205
1039,South China University of Technology,23.151326,113.344683
1040,South Dakota School of Mines & Technology,44.074166,-103.205931
1041,South Fort Myers High School,26.5377673,-81.8490739
1042,Southeast University,31.896037,118.8282613
1043,Southeastern Oklahoma State University,34.0056034,-96.3781707
1044,Southern Connecticut State University,41.3317662,-72.94834160000000
1045,Southern Illinois University at Carbondale,37.7100209,-89.2225941
1046,Southern Medical University,23.182586,113.334184
1047,Southern Nazarene University,35.513507,-97.62931670000000
1048,Southern New Hampshire University,43.0406977,-71.45332980000000
1049,Southern Oregon University,42.1858607,-122.6947971
1050,Southern University of Science and Technology,22.593969,113.99894
1051,Southwest Jiaotong University,30.6974069,104.0535522
1052,Southwest Petroleum University,30.821792,104.183563
1053,Southwest University,31.7883016,-106.4130287
1054,Southwest University (China),29.8195959,106.4266239
1055,Southwest University of Political Science & Law,29.663574,106.595843
1056,Southwest University of Science and Technology,31.534842,104.690246
1057,Southwestern University of Finance and Economics,30.662819,104.016322
1058,St. John Fisher College,43.1156593,-77.51176560000000
1059,St. John's University,40.7220627,-73.79421120000000
1060,St. Louis University,38.6346955,-90.23405870000000
1061,St. Mary's College of Maryland,38.1909255,-76.42903130000000
1062,St. Norbert College,44.444875,-88.06630300000000
1063,St. Olaf College,44.4616634,-93.1826784
1064,Stanford Online High School,37.4844482,-122.2017185
1065,Stanford University,37.4274745,-122.169719
1066,State University of New York at New Paltz,41.7390054,-74.0851655
1067,Stellenbosch University,-33.9328078,18.864447
1068,Sterling College,38.2202739,-98.2071638
1069,Stevenson High School,42.19935480000000,-87.94613390000000
1070,Stevenson University,39.4213789,-76.70193790000000
1071,Stockton University,39.4919685,-74.53097750000000
1072,Stony Brook University,40.9123761,-73.1233889
1073,Sun Yat-sen University,23.0965384,113.298883
1074,Suzhou Experimental High School,31.2961219,120.5524737
1075,Suzhou High School,31.294652,120.616454
1076,Suzhou No.3 High School,31.319935,120.626499
1077,Suzhou University,31.305141,120.564673
1078,Suzhou University of Science and Technology,31.305141,120.564673
1079,Suzhou Vocational University,31.22716150000000,120.5927165
1080,Swarthmore College,39.9053418,-75.3536225
1081,Sydney Institute of Language and Commerce,,
1082,Syracuse University,43.0391534,-76.1351158
1083,Taishan University,36.2229201,117.0355089
1084,Taiyuan Institute of Technology,37.958616,112.538952
1085,Taiyuan University,37.8612907,112.5229278
1086,Taiyuan University of Science and Technology,37.8612907,112.5229278
1087,Taiyuan University of Technology,37.8612907,112.5229278
1088,Taizhou Institute of Science and Technology,28.65638,121.42076
1089,Taizhou Ploytechnic College,32.486517,119.939831
1090,Taizhou University,28.850984,121.116958
1091,Tamkang University,25.1740706,121.4473008
1092,Tangshan No.1 High School,39.64565900000000,118.138751
1093,Tarim University,40.54544,81.289024
1094,Tatnall School,39.7677602,-75.6159406
1095,Taylor University,40.4558636,-85.49885380000000
1096,Telkom University,-6.974028,107.6305287
1097,Temple University,39.9805942,-75.1557376
1098,Tennessee Tech University,36.1757592,-85.5086374
1099,Texas A&M University,30.6187558,-96.33647720000000
1100,Texas A&M University-Commerce,33.2406645,-95.91041490000000
1101,The  University of Michigan-Dearborn,42.31763430000000,-83.2320299
1102,The Charter School of Wilmington,39.7538054,-75.5877935
1103,The Chinese University of Hong Kong,22.419625,114.2067606
1104,The City University of New York,40.750877,-73.9736066
1105,The College  of Wooster,40.8114268,-81.9372838
1106,The College of Defense Studies,51.4992248,-0.151452
1107,The College of Idaho,43.6536737,-116.6767711
1108,The College of New Jersey,40.268439,-74.77769600000000
1109,The College of Wooster,40.8114268,-81.9372838
1110,The First High School of Yueyang,29.356803,113.12873
1111,The Richard Stockton College of New Jersey,39.4919685,-74.53097750000000
1112,The Second High School Attached to Beijing Normal University,39.960133,116.371841
1113,The State University of New York at Buffalo,43.0008093,-78.7889697
1114,The Stony Brook School,40.9225887,-73.13108050000000
1115,The University of Adelaide,-34.920603,138.6062277
1116,The University of Akron,41.0770227,-81.5114462
1117,The University of Arizona,32.2318851,-110.9501094
1118,The University of Auckland,-36.8523378,174.7691073
1119,The University of Birmingham,52.4508168,-1.9305135
1120,The University of Dallas,32.8462097,-96.9210392
1121,The University of Edinburgh,55.9445158,-3.1892413
1122,The University of Iowa,41.6626963,-91.5548998
1123,The University of Manchester,53.4668498,-2.2338837
1124,The University of Melbourne,-37.7983459,144.960974
1125,The University of Queensland,-27.4975028,153.0136905
1126,The University of Sydney,-33.888584,151.1873473
1127,The University of Tennessee,35.9544013,-83.92945640000000
1128,The University of Texas at Dallas,32.9857619,-96.7500993
1129,The University of Texas at San Antonio,29.5827351,-98.6189053
1130,The University of Texas at Tyler,32.315745,-95.25423100000000
1131,The University of Toledo,41.6578804,-83.6142374
1132,The University of Western Ontario,43.0095971,-81.2737336
1133,Third Military Medical University,29.535509,106.448107
1134,Tianjin Agricultural University,39.32984,117.086699
1135,Tianjin Foreign Studies University,39.103186,117.198861
1136,Tianjin Medical University,39.379604,117.0571072
1137,Tianjin Normal University,39.0607286,117.1256421
1138,Tianjin Polytechnic University,39.0685519,117.1139951
1139,Tianjin University,39.083961,117.708631
1140,Tianjin University of Commerce,39.1821223,117.1303827
1141,Tianjin University of Finance and Economics,39.062724,117.274
1142,Tianjin University of Science and Technology,39.083961,117.708631
1143,Tianjin University of Technology,39.002316,117.378513
1144,Tianjin University of Technology and Education,39.002316,117.378513
1145,Tianshui Normal University,34.5697,105.702816
1146,Tibet University,29.646222,91.14678100000000
1147,Tohoku University,38.253834,140.874074
1148,Tongji University,31.2627211,121.4598975
1149,Towson University,39.3925121,-76.61263920000000
1150,Trinity University,29.4618396,-98.48331210000000
1151,Truman State University,40.1831629,-92.5809621
1152,Tsinghua University,39.9996674,116.3264439
1153,Tufts University,42.4074211,-71.1201222
1154,Tunghai University,24.1798677,120.604492
1155,UIUC,40.1019523,-88.2271615
1156,UW-Eau Claire | Barron County Campus,45.4832771,-91.7465474
1157,UiTM,3.0675831,101.4992361
1158,Ulink College of Suzhou Industrial Park,31.319614,120.770586
1159,Ulink college of Beijing,39.90419990000000,116.4073963
1160,Ulster University,54.687254,-5.882736
1161,Unclear,,
1162,United States Air Force Academy,38.9983094,-104.8613176
1163,United States Military Academy,41.3918372,-73.9625033
1164,United States Military Academy West Point,41.3918372,-73.9625033
1165,Univ. of Wisconsin - Stevens Point,44.52944910000000,-89.57137760000000
1166,Universidad Autonóma de Yucatán,20.9696428,-89.62307180000000
1167,Universidad Autónoma de Yucatán,20.9696428,-89.62307180000000
1168,Universitas Gadjah Mada,-7.7713847,110.3774998
1169,Universitas Indonesia,-6.3627638,106.8270482
1170,Universitas Pelita Harapan,-6.2280506,106.6115792
1171,Universitat Autònoma de Barcelona,41.5020282,2.1046866
1172,Universite de Montreal,45.5056156,-73.61375920000000
1173,Universiti Teknologi MARA,3.0675831,101.4992361
1174,University College Cork,51.8929592,-8.4937711
1175,University College Dublin,53.3067494,-6.221033600000000
1176,University College London,51.52455920000000,-0.1340401
1177,"University at Albany, SUNY",42.6849814,-73.824773
1178,University at Buffalo (SUNY),43.0008093,-78.7889697
1179,University of Adelaide,-34.920603,138.6062277
1180,University of Alabama,33.2140233,-87.5391418
1181,University of Alaska Fairbanks,64.85575660000000,-147.8335418
1182,University of Alberta,53.5232189,-113.5263186
1183,University of Arizona,32.2318851,-110.9501094
1184,University of Bath,51.3782228,-2.3263987
1185,University of Birmingham,52.4508168,-1.9305135
1186,University of Bristol,51.4584172,-2.6029792
1187,University of British Columbia,49.26060520000000,-123.2459938
1188,University of California Irvine,33.6404952,-117.8442962
1189,University of California San Diego,32.8800604,-117.2340135
1190,"University of California, Berkeley",37.8718992,-122.2585399
1191,"University of California, Davis",38.5382322,-121.7617125
1192,"University of California, Los Angeles",34.068921,-118.4451811
1193,"University of California, Merced",37.3641651,-120.4254615
1194,"University of California, Riverside",33.9737055,-117.3280644
1195,"University of California, Santa Barbara",34.4139629,-119.848947
1196,University of Cambridge,52.2042666,0.1149085
1197,University of Cape Town,-33.957652,18.4611991
1198,University of Central Arkansas,35.0780939,-92.4578916
1199,University of Central Florida,28.6024274,-81.2000599
1200,University of Central Missouri,38.758081,-93.7383705
1201,University of Central Oklahoma,35.657506,-97.4709491
1202,University of Chinese Academy of Sciences,40.408141,116.682386
1203,University of Chinese Academy of Social Sciences,39.9813866,116.4780047
1204,University of Colorado,40.00758100000000,-105.2659417
1205,University of Colorado Boulder,40.00758100000000,-105.2659417
1206,University of Colorado Colorado Springs,38.8962961,-104.8061551
1207,University of Colorado at Colorado Springs,38.8962961,-104.8061551
1208,University of Colorado at Denver,39.7463596,-105.002342
1209,University of Dayton,39.7393,-84.17996750000000
1210,University of Delaware,39.6779504,-75.7506114
1211,University of Denver,39.6766174,-104.9618965
1212,University of Edinburgh,55.9445158,-3.1892413
1213,University of Electronic Science and Technology of China,30.6624863,104.1021662
1214,University of Exeter,50.7371369,-3.5351475
1215,University of Florida,29.6436325,-82.3549302
1216,University of Glasgow,55.87212110000000,-4.288200500000000
1217,University of Helsinki,60.1726348,24.9510419
1218,University of Hong Kong,22.2829989,114.1370848
1219,University of Houston,29.7199489,-95.3422334
1220,University of Idaho,46.7288124,-117.0126084
1221,University of Illinois,40.1019523,-88.2271615
1222,University of Illinois at Chicago,41.8697938,-87.6496336
1223,University of International Business and Economics,39.98055070000000,116.4276579
1224,University of International Relations,40.0029302,116.2858499
1225,University of Iowa,41.6626963,-91.5548998
1226,University of Jinan,36.616528,116.966214
1227,University of Kentucky,38.0306511,-84.5039697
1228,University of Leeds,53.8066815,-1.5550328
1229,University of Limerick,52.672582,-8.57676
1230,University of Liverpool,53.40478240000000,-2.965299
1231,University of Louisville,38.2122761,-85.75850230000000
1232,University of Macau,22.130002,113.5457795
1233,University of Manchester,53.4668498,-2.2338837
1234,University of Maryland,38.9869183,-76.9425543
1235,University of Massachusetts Lowell,42.6552587,-71.3247164
1236,University of Melbourne,-37.7983459,144.960974
1237,University of Michigan - Ann Arbor,42.2780436,-83.7382241
1238,University of Michigan - Flint,43.0199325,-83.6881932
1239,University of Michigan-Dearborn,42.31763430000000,-83.2320299
1240,University of Minnesota,44.97399,-93.2277285
1241,University of Minnesota Duluth,46.8173234,-92.0846134
1242,"University of Minnesota, Twin Cities",44.97399,-93.2277285
1243,University of Missouri,38.9403808,-92.32773750000000
1244,University of Nebraska-Lincoln,40.8201966,-96.70047630000000
1245,"University of Nevada, Reno",39.5441917,-119.816397
1246,University of New Mexico,35.0843187,-106.6197812
1247,University of New South Wales,-33.917347,151.2312675
1248,University of North Carolina at Chapel Hill,35.9049122,-79.0469134
1249,University of North Texas,33.207488,-97.1525862
1250,University of Northern Colorado,40.4032798,-104.7002313
1251,University of Northwestern - St. Paul,45.031563,-93.168573
1252,University of Nottingham Ningbo China,29.803449,121.561609
1253,University of Oklahoma,35.2058936,-97.4457137
1254,University of Ontario Institute of Technology,43.9457579,-78.8960092
1255,University of Oxford,51.7548164,-1.2543668
1256,University of Pennsylvania,39.9522188,-75.1932137
1257,University of Pittsburgh,40.4443533,-79.960835
1258,University of Portland,45.5732046,-122.7275712
1259,University of Pretoria,-25.7545492,28.2314476
1260,University of Puget Sound,47.2615552,-122.4817084
1261,University of Redlands,34.0627062,-117.1632608
1262,University of Rhode Island,41.4860647,-71.5308537
1263,University of Richmond,37.5746059,-77.5420768
1264,University of Rochester,43.1305531,-77.6260033
1265,University of San Diego,32.7719191,-117.188213
1266,University of Saskatchewan,52.1334003,-106.6313582
1267,University of Science and Technology Beijing,39.989458,116.356945
1268,University of Science and Technology of China,31.83243,117.2574087
1269,"University of Science and Technology, Liaoning",41.104565,123.058208
1270,University of Shanghai for Science and Technology,31.29043,121.551957
1271,University of Sheffield,53.3809409,-1.4879469
1272,University of South Carolina,33.9937575,-81.0299186
1273,University of South China,26.89887,112.590435
1274,University of South Florida,28.0587031,-82.41385390000000
1275,University of Southampton,50.9365797,-1.3960169
1276,University of Southern California,34.0223519,-118.285117
1277,University of Southern Queensland,-27.6043593,151.9303905
1278,University of St. Thomas,44.943096,-93.1897082
1279,University of Stellenbosch,-33.9328078,18.864447
1280,University of Stirling,56.1454119,-3.9205713
1281,University of Strathclyde,55.8629329,-4.2428707
1282,University of Sydney,-33.888584,151.1873473
1283,University of Szeged,46.2473322,20.1476209
1284,University of Taipei,25.0355926,121.5140027
1285,"University of Technology, Jamaica",18.0182463,-76.7436847
1286,University of Tennessee,35.9544013,-83.92945640000000
1287,University of Tennessee at Knoxville,35.9544013,-83.92945640000000
1288,University of Texas at Austin,30.2849185,-97.7340567
1289,University of Texas at Dallas,32.9857619,-96.7500993
1290,University of Texas at San Antonio,29.5827351,-98.6189053
1291,University of Toronto,43.6628917,-79.39565640000000
1292,University of Utah,40.7649368,-111.8421021
1293,University of Victoria,48.4634067,-123.3116935
1294,University of Virginia,38.0335529,-78.5079772
1295,University of Virginia Mathematics,38.0335529,-78.5079772
1296,University of Washington,47.6912794,-122.3176141
1297,University of Waterloo,43.4748634,-80.5398015
1298,University of West Georgia,33.5718249,-85.1032441
1299,University of Western Australia,-31.98006870000000,115.817898
1300,University of Western Ontario,43.0095971,-81.2737336
1301,University of Wisconsin - Eau Claire,44.7986037,-91.5013548
1302,University of Wisconsin - La Crosse,43.8173959,-91.2311624
1303,University of Wisconsin - Madison,43.076592,-89.4124875
1304,University of Wisconsin - River Falls,44.8530003,-92.6222324
1305,University of Wisconsin Madison,43.076592,-89.4124875
1306,University of Wisconsin Milwaukee,43.078263,-87.8819686
1307,"University of Wisconsin, Whitewater",42.8411986,-88.7430845
1308,University of Wisconsin-Eau Claire,44.7986037,-91.5013548
1309,University of Wisconsin-Platteville,42.7323728,-90.4871294
1310,University of Wisconsin-Stevens Point,44.52944910000000,-89.57137760000000
1311,University of the Pacific,37.9798869,-121.3128577
1312,"Université de Technologie de Compiègne, Centre Benjamin Franklin",49.4151754,2.8191091
1313,Urumqi No.1 Senior High School,43.799691,87.62177300000000
1314,Vanderbilt University,36.1447034,-86.8026551
1315,Vassar College,41.686229,-73.8972957
1316,Vellore Institute of Technology,12.9720643,79.15981840000000
1317,Victoria University of Wellington,-41.2904017,174.7686615
1318,Villa Julie College,39.42664390000000,-76.77882560000000
1319,Virgina Western,38.5976262,-80.4549026
1320,Virginia Commonwealth University,37.5483122,-77.4526805
1321,Virginia Military Institute,37.79151,-79.435352
1322,Virginia Tech,37.22838430000000,-80.42341670000000
1323,Virginia Western Community College,37.246308,-79.9737354
1324,Wabash College,40.0369332,-86.90667120000000
1325,Wake Forest University,36.1354033,-80.27922750000000
1326,Wanjiang University of Technology,,
1327,Wartburg College,42.7287897,-92.4832333
1328,Waseda University,35.7087334,139.7196485
1329,Washington College,39.2180241,-76.0692262
1330,Washington State University,46.7319225,-117.1542121
1331,Washington University,38.6487895,-90.31079620000000
1332,Washington and Lee University,37.7898776,-79.4458935
1333,Wayland Baptist University,34.1871726,-101.7279654
1334,Wayne State College,42.2399046,-97.01311560000000
1335,Weber State University,41.1915029,-111.9431204
1336,Weifang Vocational College,36.676709,118.475368
1337,Weinan Normal University,34.494629,109.466299
1338,Wells College,42.7442687,-76.6965816
1339,Wentworth Institute of Technology,42.3361063,-71.09565960000000
1340,Wenzhou Kean University,27.916388,120.653688
1341,Wenzhou Medical University,27.925146,120.71201
1342,Wenzhou University,27.925146,120.71201
1343,Wenzhou university ,27.925146,120.71201
1344,Wesleyan College,32.8745862,-83.71246890000000
1345,West Virginia University,39.6480359,-79.9697147
1346,Westchester Community College,41.0658916,-73.7895554
1347,Western Anhui University,31.765511,116.524987
1348,Western Carolina University,35.3093802,-83.18442210000000
1349,Western Connecticut State University,41.4003372,-73.4462156
1350,Western Oregon University,44.8536352,-123.238847
1351,Western University,34.0580124,-117.7470106
1352,Western Washington University,48.7342877,-122.4866103
1353,Westminster College,38.85,-91.9544444
1354,Wheaton College,41.8685058,-88.0996112
1355,Whittier College,33.9788165,-118.0322968
1356,Wichita State University,37.7186367,-97.29414140000000
1357,Willamette University,44.9350483,-123.0309748
1358,William & Mary,37.2726983,-76.71366190000000
1359,Winona State University,44.0473997,-91.6432837
1360,Winston Churchill High School,39.0431731,-77.17360820000000
1361,Winthrop University,34.9395137,-81.0320796
1362,Wofford College,34.9580657,-81.9344902
1363,Woodside Priory School,37.375907,-122.213111
1364,Worcester Polytechnic Institute,42.2743015,-71.8081371
1365,Wu Chang Shou Yi University,,
1366,Wuhan Donghu University,30.423087,114.317446
1367,Wuhan Institute of Design and Sciences,30.401596,114.40985
1368,Wuhan Institute of Technology,30.5020376,114.3901822
1369,Wuhan Polytechnic University,30.652427,114.222124
1370,Wuhan Railway Vocational College of Technology,30.429298,114.411511
1371,Wuhan Technology and Business University,30.46016,114.275435
1372,Wuhan Textile University,30.48573100000000,114.398297
1373,Wuhan University,30.5360485,114.3643219
1374,Wuhan University of Science and Technology,30.621883,114.370852
1375,Wuhan University of Technology,30.520932,114.348614
1376,Wuxi Big Bridge Academy,31.472081,120.376866
1377,Wuyi University,27.728088,117.999059
1378,Xavier University,39.149448,-84.47363740000000
1379,Xi an Aeronautical Polytechnic Institute,34.6566756,109.2128487
1380,Xi'an Communication University,34.367486,109.190812
1381,Xi'an Eurasia University,34.173294,108.921515
1382,Xi'an Institute of Optics and Precision Mechanics,34.16673110000000,108.8582546
1383,Xi'an International Studies University,34.1379281,108.8751134
1384,Xi'an Jiaotong University,34.250803,108.983693
1385,Xi'an Jiaotong-Liverpool University,31.274822,120.738094
1386,Xi'an Polytechnic University,34.258635,109.0003008
1387,Xi'an Railway Vocational & Technical College,34.28068,108.940273
1388,Xi'an Shiyou University,34.102667,108.647014
1389,Xi'an University of Architecture & Technology,34.2378333,108.9641471
1390,Xi'an University of Architecture and Technology,34.2378333,108.9641471
1391,Xi'an University of Finance and Economics,34.222517,108.959809
1392,Xi'an University of Posts and Telecommunications,34.1537142,108.8998971
1393,Xi'an University of Science and Technology,34.234489,108.962256
1394,Xi'an University of Technology,34.251836,108.993218
1395,Xi'an Vocational & Technical College,34.301935,108.989656
1396,Xiaguan No.1 Middle School,,
1397,Xiamen University,24.4373484,118.097855
1398,Xiamen University of Technology,24.620539,118.084631
1399,Xiangnan University,25.786049,113.100555
1400,Xidian University,34.121605,108.840431
1401,Xihua University,30.778621,103.961236
1402,Xijing University,34.133433,108.933794
1403,Xinjiang University,43.7650239,87.6163306
1404,Xinyang Normal University,32.129897,114.039497
1405,Xinyu University,27.856747,115.000831
1406,Xizang Minzu University,34.346756,108.732945
1407,Xuchang University,34.044001,113.863839
1408,Xuzhou Institute of Technology,34.213947,117.215626
1409,Xuzhou Medical University,34.264097,117.255606
1410,Xuzhou No.1 Middle School,34.292511,117.141415
1411,Xuzhou University of Technology,34.213947,117.215626
1412,Yanbian University,42.907853,129.492544
1413,Yancheng Institute of Technology,33.384519,120.202809
1414,Yancheng Teachers University,33.384653,120.156953
1415,Yangtze Normal University,29.750852,107.262769
1416,Yangtze University,30.354301,112.150432
1417,Yangzhou High School,32.390305,119.429664
1418,Yangzhou University,32.399078,119.389893
1419,Yanshan University,39.904508,119.539719
1420,Yantai Engineering and Technology College,37.5582824,121.2247541
1421,Yantai University,37.458704,121.468777
1422,Yellow River Conservancy Technical Institute,34.823096,114.3196628
1423,York University,43.7734535,-79.50186840000000
1424,Youngstown State University,41.1066413,-80.6480952
1425,Yulin Normal University,22.67656,110.198917
1426,Yulin University,38.292654,109.723982
1427,Yuncheng University,35.039371,111.046013
1428,Yunnan Agricultural University,25.327029,104.656104
1429,Yunnan Minzu University,24.840109,102.849645
1430,Yunnan Normal University,25.055125,102.696888
1431,Yunnan University,25.0532915,102.7034758
1432,Yunnan University of Finance and Economics,25.0792284,102.7145152
1433,Zaozhuang College,34.897931,117.53796
1434,Zhaoqing University,23.080539,112.495958
1435,Zhejiang A & F University,30.2421403,120.1581419
1436,Zhejiang Agriculture and Forestry University,30.2421403,120.1581419
1437,Zhejiang Chinese Medical University,30.172752,120.149631
1438,Zhejiang Forestry College,30.237827,119.730933
1439,Zhejiang GongShang University,30.308752,120.388529
1440,Zhejiang Gongshang University,30.308752,120.388529
1441,Zhejiang Industry & Trade Vocational College,28.0021375,120.7014333
1442,Zhejiang Normal University,29.079175,119.64742
1443,Zhejiang Ocean University,30.034692,122.113923
1444,Zhejiang Police College,30.171782,120.150121
1445,Zhejiang Sci-Tech University,30.315807,120.3517315
1446,Zhejiang Shuren University,30.319069,120.158701
1447,Zhejiang University,30.30868440000000,120.0864995
1448,Zhejiang University City College,30.3246296,120.1561982
1449,Zhejiang University of Finance and Economics,30.284836,120.113367
1450,Zhejiang University of Media and Communications,30.319673,120.34066
1451,Zhejiang University of Science and Technology,30.219759,120.027706
1452,Zhejiang University of Technology,30.225796,120.039175
1453,Zhejiang University of Water Resources and Electric Power,30.31254000000000,120.372476
1454,Zhejiang Wanli University,29.819014,121.567337
1455,Zhejiang Zhoushan High School,30.018771,122.102413
1456,Zhengzhou Foreign Language School,34.81494,113.56363
1457,Zhengzhou Information Science Technology Institute,34.817068,113.53882
1458,Zhengzhou Normal University,34.863268,113.647721
1459,Zhengzhou Railway Vocational & Technical College,34.795117,113.885559
1460,Zhengzhou Technology and Business University,34.41644,113.757318
1461,Zhengzhou University,34.808071,113.53581
1462,Zhengzhou University of Aeronautics,34.7886354,113.78608
1463,Zhengzhou University of Light Industry,34.813885,113.509172
1464,Zhongkai University of Agriculture and Engineering,23.107883,113.280445
1465,Zhongnan University of Economics and Law,30.475063,114.394079
1466,Zhongyuan University of Technology,34.58603,113.688309
1467,Zhoukou Normal University,33.635594,114.682609
1468,Zhuhai College of Jinan University,22.246991,113.530891
1469,Zhuhai No.1 High School,22.282361,113.573547
1470,Zoucheng No.1 High School,,
1471,hanghai University of International Business and Economics,31.0464001,121.2171783
1472,henyang Ligong University,41.726843,123.49122
1473,hio State University,40.0068363,-83.0306222
1474,ingdezhen Ceramic Institute,29.29292600000000,117.250338
1475,university of arkansas at little rock,34.7240568,-92.3388872